0.jpg,본,문
1.jpg,바,로,가,기
2.jpg,메,뉴
3.jpg,바,로,가,기
4.jpg,뉴,스
5.jpg,관,련,서,비,스
6.jpg,연,예
7.jpg,스,포,츠
8.jpg,검,색
9.jpg,검,색,어
10.jpg,입,력,폼
11.jpg,통,합,검,색
12.jpg,검,색
13.jpg,뉴,스
14.jpg,메,인,메,뉴
15.jpg,홈
16.jpg,사,회
17.jpg,정,치
18.jpg,경,제
19.jpg,국,제
20.jpg,문,화
21.jpg,랭,킹
22.jpg,연,재
23.jpg,포,토
24.jpg,갤,러,리
25.jpg,날,씨
26.jpg,정,보
27.jpg,경,제
28.jpg,우,드
29.jpg,맥,킨,지
30.jpg,재,생,에,너,지
31.jpg,발,전,비,용
32.jpg,내,년,에
33.jpg,석,탄,보,다
34.jpg,싸,진,다
35.jpg,김,보,경
36.jpg,입,력
37.jpg,댓,글
38.jpg,개
39.jpg,기,사
40.jpg,도,구
41.jpg,모,음
42.jpg,자,동,요,약
43.jpg,한,국,의
44.jpg,재,생,에,너,지
45.jpg,발,전,비,용,이
46.jpg,내,년,이,면
47.jpg,석,탄
48.jpg,발,전,비,용,보,다
49.jpg,저,렴,해,질
